Company,Active Jobs
Advocate Health Care,183
Atrium Health,148
Mercer University,66
PruittHealth,47
Circle K,45
Piedmont Healthcare,44
Kroger,42
Inside Higher Ed,38
Wendy's,36
Convergence Medical Staffing,35
"Waffle House, Inc.",35
Axis Medical Staffing,33
Amergis,32
River Edge Behavioral Health,32
CHSGa,29
Walmart,29
Yancey Bros Co,24
Oak View Group,23
River Edge Behavioral Health Center,23
Jet Food Stores,21
Cynet Health Inc,20
Texas Roadhouse,18
Bass Pro Shops,17
Coast Medical Service,17
"Education, Georgia Department of - GADOE",17
First Quality,17
AMN Healthcare,16
Rooms To Go,16
Work For Warriors Georgia,16
Home Depot,15
